{"count":1,"self":146.77259519999998,"total":170.832572,"children":{"InitializeActuators":{"count":1,"self":0.001614,"total":0.001614,"children":null},"InitializeSensors":{"count":1,"self":0.0021149999999999997,"total":0.0021149999999999997,"children":null},"AgentSendState":{"count":102017,"self":2.8725549999999997,"total":4.078319,"children":{"CollectObservations":{"count":4615,"self":0.105596,"total":0.105596,"children":null},"CollectDiscreteActionMasks":{"count":4615,"self":0.102294,"total":0.102294,"children":null},"RequestDecision":{"count":4615,"self":0.22589599999999999,"total":0.99787399999999993,"children":{"AgentInfo.ToProto":{"count":4615,"self":0.205638,"total":0.77197799999999994,"children":{"GenerateSensorData":{"count":4615,"self":0.256961,"total":0.56634,"children":{"RayPerceptionSensor.Perceive":{"count":4615,"self":0.30937899999999996,"total":0.30937899999999996,"children":null}}}}}}}}},"DecideAction":{"count":102017,"self":17.8475424,"total":17.847542999999998,"children":null},"AgentAct":{"count":102017,"self":2.115406,"total":2.115406,"children":null},"AgentInfo.ToProto":{"count":39,"self":0.002947,"total":0.014934999999999999,"children":{"GenerateSensorData":{"count":39,"self":0.003306,"total":0.011987999999999999,"children":{"RayPerceptionSensor.Perceive":{"count":39,"self":0.0086819999999999987,"total":0.0086819999999999987,"children":null}}}}}},"gauges":{"SmartLight.CumulativeReward":{"count":39,"max":3.00000024,"min":-1.5,"runningAverage":1.66410279,"value":-0.3,"weightedAverage":1.51825356}},"metadata":{"timer_format_version":"0.1.0","start_time_seconds":"1613933989","unity_version":"2019.4.14f1","command_line_arguments":"\/Users\/socio\/Unity\/2019.4.14f1\/Unity.app\/Contents\/MacOS\/Unity -projectpath \/Users\/socio\/Unity\/Projects\/SmartTrafficLights -useHub -hubIPC -cloudEnvironment production -hubSessionId c5694950-741c-11eb-a7f6-23d5cdfd03d7 -accessToken dkL3CAqjyOtEHB_2YBstTfZpjh5SiViRs-UyrWUDGjg001f","communication_protocol_version":"1.2.0","com.unity.ml-agents_version":"1.5.0-preview","scene_name":"NarrowMenu","end_time_seconds":"1613934160"}}